id,first_name,last_name,email,gender,VIN,ssn,credit_card_no,company_id
1,Taddeo,Lavallin,tlavallin0@godaddy.com,Polygender,JH4DC53035S276314,482-10-4585,3574666824411068,100_88051
2,Boothe,Orring,borring1@diigo.com,Non-binary,1G6DM57T070817727,452-98-8222,4508225464580747,100_50831
3,Doralynne,Scotts,dscotts2@theguardian.com,Female,2T1BPRHE3FC831306,578-92-4921,3542924702655077,100_15856
4,Archy,Shinn,ashinn3@canalblog.com,Agender,2G4GU5GV7D9086464,468-31-4325,5602256967098632,100_42975
5,Dion,O'Cooney,docooney4@harvard.edu,Genderqueer,5FRYD3H29GB873139,645-33-5786,4905525779407422,100_59391
6,Davide,Measor,dmeasor5@umn.edu,Female,3C4PDCDG1DT428468,570-19-5006,5018857981687173,100_38404
7,Ekaterina,Haselhurst,ehaselhurst6@ftc.gov,Bigender,1GT01ZCG4CF157543,155-94-0933,560224840867677389,100_97715
8,Abie,Romney,aromney7@reference.com,Genderqueer,5UXFA53523L428438,242-10-6875,30075267122899,100_35439
9,Brendin,Paxton,bpaxton8@kickstarter.com,Male,WUAUUAFG1CN973334,807-13-2702,3530781248864884,100_07216
10,Powell,Hartridge,phartridge9@about.me,Genderqueer,3C63D3KL7CG848720,744-47-3218,3566206081947601,100_96269
11,Toni,Roscoe,troscoea@soup.io,Polygender,5GADX23L06D721307,343-73-1442,3555537067532428,100_86234
12,Mercedes,Alyukin,malyukinb@photobucket.com,Female,JTEBU5JR1F5133669,240-31-5857,30019879505521,100_71435
13,Elsworth,Samter,esamterc@techcrunch.com,Bigender,WBANV93549C466266,169-58-3729,3565187604412854,100_53024
14,Arlin,Grigoriev,agrigorievd@phpbb.com,Genderfluid,JTDKN3DP7E3794777,434-59-6457,3566169102707356,100_01403
15,Marcelo,Jarman,mjarmane@fotki.com,Bigender,SCFEBBAK7EG785662,511-17-4054,3550349612750157,100_55968
16,Eward,Redsull,eredsullf@etsy.com,Genderqueer,JH4KC1F99EC603920,828-73-1896,3534007295269116,100_30582
17,Bethina,McLelland,bmclellandg@sohu.com,Genderqueer,WBANE73536C238064,147-90-4685,3589343946990402,100_94535
18,Nollie,Toy,ntoyh@cnbc.com,Male,3FAHP0DC8BR952482,175-60-0771,3555970381164539,100_02136
19,Pepe,Wittman,pwittmani@moonfruit.com,Genderfluid,19UUA66256A200046,800-64-2725,3573130302865726,100_47726
20,Helene,De Andisie,hdeandisiej@virginia.edu,Bigender,1GYFK66877R062371,598-80-9765,6304276948997073538,100_17452
21,Mahmoud,Scott,mscottk@drupal.org,Genderfluid,1FTNX2A59AE236087,341-33-5436,3565538388847055,100_49747
22,Wilmar,Le Fevre,wlefevrel@usatoday.com,Non-binary,5N1AA0NE7FN860636,527-26-8916,5100170031056814,100_85377
23,Nina,Duiged,nduigedm@a8.net,Genderfluid,WBAPH7G58AN451907,641-07-5910,3535280076028428,100_78755
24,Bruno,Lattin,blattinn@booking.com,Genderqueer,3N1AB7AP2FY807043,200-33-4013,4962838842612,100_46537
25,Briney,Tomenson,btomensono@jugem.jp,Genderqueer,JN1AV7AP1FM471587,856-33-0258,4508072239816471,100_91374
26,Carroll,Wickerson,cwickersonp@studiopress.com,Polygender,5FNRL5H26FB177826,524-66-6918,4508962234573806,100_51027
27,Ulric,Purseglove,upursegloveq@sina.com.cn,Genderqueer,JTHFE2C26C2973802,845-21-5974,3532424669530878,100_61506
28,Olly,Golling,ogollingr@skyrock.com,Non-binary,WBANW53548C338291,294-38-7289,3553202261739764,100_70712
29,Arluene,Dallyn,adallyns@phpbb.com,Genderfluid,2G4G15GV3B9247849,858-82-0196,3554170192268535,100_90012
30,Jourdain,Croke,jcroket@microsoft.com,Male,WBAYA6C54ED094911,890-79-6531,3564312168136944,100_60085
31,Josiah,Cannicott,jcannicottu@plala.or.jp,Genderqueer,WAULC68E43A660741,398-06-6554,4041377927876,100_67048
32,Gan,Paolino,gpaolinov@cnbc.com,Agender,3FA6P0SU2DR772338,440-76-9813,201613665231012,100_22134
33,Ewen,Delafont,edelafontw@godaddy.com,Male,5GAKRCED9CJ014555,860-66-2936,56022411397465415,100_08759
34,Byrom,Osant,bosantx@tuttocitta.it,Male,1FTWW3A57AE774624,748-17-3077,4041373267450702,100_27995
35,Magdalen,Scawn,mscawny@infoseek.co.jp,Bigender,5N1AA0NCXBN373388,554-30-8414,503803833730689359,100_21257
36,Pansie,Ary,paryz@newsvine.com,Polygender,WDDHF0EB4EB907024,127-97-1905,3582765242565628,100_96343
37,Fletcher,Louch,flouch10@networkadvertising.org,Male,1GYFK63868R931533,614-21-3239,3580385440642723,100_01461
38,Hadley,Zambon,hzambon11@booking.com,Non-binary,3GTU2YEJ0DG304006,864-39-0262,3529632902675442,100_50656
39,Lorianna,Huikerby,lhuikerby12@salon.com,Male,5J6TF1H39EL162340,775-77-6033,3578637975144069,100_58274
40,Bailie,Buffham,bbuffham13@ca.gov,Agender,WA1DGAFE3ED775117,198-87-5455,3588999881373283,100_87867
41,Alessandra,Ivantyev,aivantyev14@webmd.com,Genderqueer,2T1BU4EE7DC583073,156-08-1599,3568870227565615,100_92620
42,Doe,Gush,dgush15@ehow.com,Genderqueer,3D4PH9FV2AT910027,652-15-8871,4917505990548986,100_48975
43,Corty,Beiderbeck,cbeiderbeck16@networkadvertising.org,Bigender,TRUTX28N711174265,715-16-3585,6767841754624820,100_71204
44,Jermain,Feldfisher,jfeldfisher17@miibeian.gov.cn,Female,1FTWX3A52AE752785,375-37-5637,3557215529081098,100_08451
45,Alonzo,Doy,adoy18@amazon.co.jp,Genderqueer,JTDKTUD38ED275448,229-46-2402,4026479224268225,100_47729
46,Tore,Hymer,thymer19@bloglovin.com,Agender,WBALL5C53CE470634,698-13-0753,3565354799855244,100_98908
47,Bridget,Gladwish,bgladwish1a@slashdot.org,Polygender,WBA3C1G57DN446518,124-62-1977,5018220133153741525,100_09060
48,Merla,Grishinov,mgrishinov1b@acquirethisname.com,Polygender,WBAEV33452K143067,102-08-7988,3547053973315388,100_50237
49,Dulcea,Hollyard,dhollyard1c@ucsd.edu,Female,WA1DVAFE2AD799747,171-18-2597,493693649149052436,100_35839
50,Ralph,Bodesson,rbodesson1d@blogspot.com,Non-binary,KNAFU6A22B5869798,839-64-0355,3580675801913840,100_19702
51,Glyn,Hatch,ghatch1e@cornell.edu,Male,5FPYK1F29EB971381,798-73-4449,5118963041826162,100_26996
52,Abby,Yanshin,ayanshin1f@wired.com,Female,WBAWL7C58AP816588,101-65-3975,4026264431372956,100_91674
53,Cinderella,Craister,ccraister1g@nydailynews.com,Genderqueer,WDDJK7DAXFF540672,101-87-3847,36680832406893,100_69816
54,Chas,Kuschel,ckuschel1h@google.com.br,Bigender,2T1BU4EE3BC094439,506-53-9280,343756197366944,100_71646
55,Mollie,Bartalucci,mbartalucci1i@surveymonkey.com,Female,WBAET37473N442852,464-09-8667,5108752533739013,100_47706
56,Valli,Powland,vpowland1j@marriott.com,Non-binary,1FM5K7B89DG448917,724-58-6810,5602243248237288,100_84407
57,Goldia,Kingaby,gkingaby1k@clickbank.net,Polygender,2HNYD28299H216506,455-90-3832,633462200533080250,100_92238
58,Suzie,Toderini,stoderini1l@homestead.com,Genderqueer,WA1WKBFP0CA794804,604-82-6842,5007665760976367,100_02050
59,Adrien,McKenna,amckenna1m@icio.us,Polygender,WDDLJ7DBXDA474011,257-33-0929,4405038041176598,100_71574
60,Marietta,Pietroni,mpietroni1n@statcounter.com,Male,JTHBP5C27E5932039,669-64-1378,5602259837821871523,100_66675
61,Marv,Leads,mleads1o@engadget.com,Female,JH4NA12622T747304,235-77-4962,3544220270644769,100_56655
62,Maynord,Shakespear,mshakespear1p@storify.com,Bigender,WVWAP7ANXDE946800,597-60-2835,30210201203253,100_96721
63,Torrey,Nortcliffe,tnortcliffe1q@mayoclinic.com,Polygender,WDDGF4HB9ER856531,313-47-3549,3528844677610261,100_75509
64,Gerianna,Sydenham,gsydenham1r@vinaora.com,Male,WAUGFAFR1DA950941,794-80-3519,201820458364179,100_84677
65,Son,Snodden,ssnodden1s@sourceforge.net,Genderqueer,JTHBB1BA7A2080772,558-40-5055,3569481472830206,100_35909
66,Dawn,Colleton,dcolleton1t@youtube.com,Genderfluid,WAUKF98E66A517170,647-12-9903,4041375266616,100_66771
67,Bethanne,Grumbridge,bgrumbridge1u@about.me,Bigender,WDDGF4HB0CF656927,219-52-3736,3571746117100587,100_91353
68,Wald,Bultitude,wbultitude1v@cbsnews.com,Genderfluid,1GYS3CEF5DR079563,168-41-8661,3561340540866832,100_50247
69,Laurice,Wilce,lwilce1w@alexa.com,Genderqueer,19UUA65526A526558,800-78-2280,56022579580172327,100_79242
70,Philip,Fencott,pfencott1x@fotki.com,Genderfluid,1G4PS5SK6D4666892,748-50-7904,5602234022171181,100_22865
71,Tabbi,Tythacott,ttythacott1y@live.com,Genderqueer,JN1BJ0HR8DM708281,707-41-3805,5018961100282643602,100_31538
72,Ted,Gettone,tgettone1z@oracle.com,Polygender,3TMJU4GN3DM981638,591-83-9615,5100131381160572,100_15056
73,Galina,Tyt,gtyt20@desdev.cn,Polygender,1D4PU6GX2BW841829,113-34-9183,5468993709501829,100_46798
74,Inga,Sampey,isampey21@biblegateway.com,Genderfluid,19VDE3F71EE419894,821-93-2787,502049940250011199,100_99174
75,Garth,Relfe,grelfe22@eventbrite.com,Agender,5TDDCRFH4FS964777,833-72-8041,3559159310946861,100_68319
76,Fitzgerald,Thripp,fthripp23@networksolutions.com,Agender,WBAEW53473P164841,324-91-3278,374283896443363,100_31710
77,Giulietta,Louden,glouden24@senate.gov,Female,WBA3B1C52EF812258,168-78-3920,201732681426693,100_63624
78,Chrissie,Eldrid,celdrid25@huffingtonpost.com,Female,WDDGF4HB1DA915021,178-90-3432,3553682907839765,100_66128
79,Dominik,Hazlewood,dhazlewood26@meetup.com,Male,1D4RD5GG8BC599035,720-02-4043,3576657008483781,100_59225
80,Clevie,Millican,cmillican27@wordpress.org,Genderqueer,WDDGF4HB1ER124989,498-28-2394,5310611419156698,100_42230
81,Ches,Pisculli,cpisculli28@eventbrite.com,Polygender,JN8AZ2KR2ET594442,128-18-4216,67595767597818149,100_64884
82,Hobart,Mazzeo,hmazzeo29@goo.gl,Agender,KMHHT6KD8EU955329,346-12-7548,30087730784437,100_88976
83,Diane-marie,Bolens,dbolens2a@lycos.com,Genderfluid,JM3TB2BV3E0240850,777-73-1059,3589690924825087,100_07954
84,Kingsley,Pople,kpople2b@unesco.org,Polygender,1G4HK5ES4BU409565,801-01-8905,67628124697774551,100_44793
85,Ede,Carrodus,ecarrodus2c@google.com.hk,Genderfluid,WBAVB33566P893992,353-11-6234,6331100312210014537,100_50191
86,Reider,Jeffryes,rjeffryes2d@goo.ne.jp,Female,1N6AD0CU6CC180415,881-15-9728,5641824128524434072,100_94859
87,Cherie,Rentoll,crentoll2e@barnesandnoble.com,Bigender,19UUA65624A909311,159-04-6064,5602228539808624,100_57185
88,Ulick,Pepperell,upepperell2f@wikimedia.org,Genderfluid,WAUVC58EX5A074437,727-74-6161,3578863737953726,100_61515
89,Sheilakathryn,Willingam,swillingam2g@miitbeian.gov.cn,Male,5J8TB3H33EL312313,520-55-5436,3542820141546556,100_20888
90,Inglis,Pechold,ipechold2h@tinyurl.com,Agender,3C6TD4MT4CG680618,240-38-9155,3541687296393477,100_43685
91,Lyndell,Conklin,lconklin2i@loc.gov,Agender,WDCYC3HF0DX494338,128-80-1848,3553923831858004,100_63397
92,Waylen,Bartolomucci,wbartolomucci2j@hao123.com,Agender,WVWGD7AJ3EW563874,106-85-5367,56022281338373956,100_09451
93,Kathie,Bonnesen,kbonnesen2k@zdnet.com,Genderqueer,1HGCP2E30AA827078,569-98-8848,30186572609718,100_11023
94,Yance,Hurley,yhurley2l@nationalgeographic.com,Polygender,3C6TD4HT2CG959608,425-67-7928,3561173742086333,100_25780
95,Tonie,Tantrum,ttantrum2m@indiegogo.com,Genderqueer,2C4RDGBG4CR973259,886-17-8614,3589542286356740,100_03188
96,Braden,Lenglet,blenglet2n@slideshare.net,Bigender,WBA3B5G50EN302143,784-78-8623,5602249023932092,100_99452
97,Georgeta,Castagneri,gcastagneri2o@digg.com,Genderqueer,JTHBP5C20C5786483,413-25-0398,5100132359305454,100_51990
98,Carlie,Gow,cgow2p@barnesandnoble.com,Female,5TFCY5F14BX108196,688-42-4034,201807479029964,100_19348
99,Fidelio,Fabbri,ffabbri2q@sphinn.com,Polygender,WA1DMAFP9EA644723,238-55-0202,3576728923368132,100_67670
100,Rabbi,Langlois,rlanglois2r@dmoz.org,Male,WDBSK7BA7CF978187,378-07-6562,6372314286487071,100_33341
101,Lura,Wood,lwood2s@amazonaws.com,Female,JTDKDTB36E1767410,466-17-5805,337941373339224,100_44619
102,Marcille,Culp,mculp2t@youtu.be,Female,2G4GP5EX6E9683182,776-94-4231,5108756883268994,100_05953
103,Erv,Schwartz,eschwartz2u@cdc.gov,Male,1GD311CG7FZ892997,707-95-5748,6333644930850112680,100_69170
104,Bryanty,Arkow,barkow2v@independent.co.uk,Agender,3D7TT2CT9AG297262,844-39-7153,3543628480679220,100_82656
105,Cherise,Deverille,cdeverille2w@unblog.fr,Genderfluid,1FTWX3A56AE720891,216-92-4167,3555752928699247,100_28007
106,Riobard,Haugh,rhaugh2x@dropbox.com,Female,WAUUL68E95A844855,285-61-4160,3564446543748294,100_25603
107,Olly,Beverage,obeverage2y@latimes.com,Male,JTEBC3EH1D2981753,569-17-9113,36851718657004,100_91003
108,Hollis,Malloy,hmalloy2z@com.com,Polygender,1C4RDJEG1DC115573,453-44-6740,5457001605717789,100_65387
109,Nariko,Fishly,nfishly30@blogspot.com,Genderqueer,WBAWB73519P057927,670-15-9862,3588577024325079,100_51471
110,Cory,Huggens,chuggens31@uiuc.edu,Female,2LMHJ5FK7FB223813,889-20-9253,5186882567596255,100_70704
111,Raimundo,Cicutto,rcicutto32@wsj.com,Polygender,5GADV33W77D843895,769-82-4144,6333848251419880,100_40748
112,Mariquilla,Cazalet,mcazalet33@google.cn,Bigender,WAUMFBFLXDN326634,196-06-7302,5602252933738765,100_78381
113,Jordain,Presidey,jpresidey34@ebay.co.uk,Genderqueer,WAUDG74F29N427813,802-23-7103,374288579519074,100_37341
114,Austin,Maggill'Andreis,amaggillandreis35@irs.gov,Bigender,2G4WC552761966766,553-21-9665,4844916450039275,100_66729
115,Batsheva,Hinemoor,bhinemoor36@hp.com,Bigender,WBSBR93431E048400,531-52-8160,4508940770613970,100_41086
116,Richart,Tilte,rtilte37@paginegialle.it,Polygender,1G6DG5EY0B0760816,145-04-8283,5610748452485852,100_79457
117,Tedda,Lere,tlere38@blog.com,Male,1G4HD57246U119159,756-88-8351,5048377984359146,100_77562
118,Zola,Vallintine,zvallintine39@fastcompany.com,Genderfluid,WAULF78K39A026767,152-69-8397,50209781664934220,100_39485
119,Theodora,Vasilechko,tvasilechko3a@naver.com,Female,19XFA1E52AE482853,557-03-5226,3586399139167631,100_73552
120,Tabbitha,Daughtry,tdaughtry3b@bing.com,Polygender,JTDBT4K36CL606789,596-50-2737,3584782436815725,100_85542
121,Carney,McVicar,cmcvicar3c@devhub.com,Male,KMHHU6KJ3FU500960,150-06-6455,3534091400600142,100_95180
122,Karon,Jewell,kjewell3d@cmu.edu,Non-binary,2C3CCABG6CH081367,788-24-5034,3547417660037144,100_19588
123,Shirlene,Delves,sdelves3e@nbcnews.com,Polygender,WVGBF7A91AD152534,328-46-0262,0604399816181966,100_82135
124,Collette,Younglove,cyounglove3f@hubpages.com,Female,YV1672MK4D2689283,355-80-1492,3585162389128047,100_18869
125,Harper,Tombling,htombling3g@phoca.cz,Non-binary,YV4612HM2F1870939,784-99-7573,3535019546044882,100_06756
126,Margeaux,Adao,madao3h@blogtalkradio.com,Female,1G6KD57928U854154,714-43-4012,6771246470866094799,100_68191
127,Hedvige,Elcoate,helcoate3i@elegantthemes.com,Bigender,1C4AJWAG7FL865684,436-90-9529,337941745750421,100_95336
128,Robinet,Leggett,rleggett3j@ebay.com,Polygender,YV440MBC3F1231359,623-72-5017,3537188222814948,100_79433
129,Fred,Beaman,fbeaman3k@free.fr,Male,1C3BCBEB1EN580072,284-68-1714,4041376267487616,100_04810
130,Zita,Crassweller,zcrassweller3l@hatena.ne.jp,Non-binary,1G4HK5E95AU392495,460-53-1374,4917356750363871,100_06830
131,Chalmers,Synnot,csynnot3m@istockphoto.com,Polygender,WAUFGBFB3BN917642,420-59-9747,3543761005357558,100_04378
132,Inglebert,Colles,icolles3n@wufoo.com,Female,WVGAV7AX5BW588838,460-40-4740,5602255254676878,100_60258
133,Reeba,Thomke,rthomke3o@abc.net.au,Agender,YV1672MS3B2915519,358-43-5665,3570392577576338,100_83017
134,Liam,Leger,lleger3p@squidoo.com,Bigender,WAURFAFR7BA523415,770-56-8140,3544264379038341,100_87980
135,Dacy,Ewer,dewer3q@ustream.tv,Non-binary,5N1AT2MKXFC555544,746-60-3056,6371836276776247,100_82870
136,Yorker,Dudderidge,ydudderidge3r@cnn.com,Non-binary,JTDKN3DU3A0807638,126-17-6866,4936092900799341194,100_35726
137,Rossy,Saines,rsaines3s@oracle.com,Agender,WAUJGAFD4FN907083,472-75-0995,30540266808384,100_02676
138,Morton,Wearne,mwearne3t@istockphoto.com,Agender,SALSF2D48AA188125,517-65-0679,4041596507202,100_22112
139,Ringo,Blazeby,rblazeby3u@state.gov,Genderfluid,JN8AE2KP3E9587071,888-13-8405,3582256236711113,100_27765
140,Milty,Braybrookes,mbraybrookes3v@tmall.com,Bigender,5LMCJ1A99FU785464,368-26-8209,3544652317923980,100_88861
141,Ludvig,Clelle,lclelle3w@google.co.jp,Bigender,3C4PDDDG0DT483628,385-65-6678,201925406312327,100_17558
142,Harper,Antoniak,hantoniak3x@deviantart.com,Male,WAUBH54B81N928523,676-66-9880,5010129430972442,100_40564
143,Agnella,Valens-Smith,avalenssmith3y@foxnews.com,Female,WBALM5C53AE323756,513-68-2909,6762906977703530,100_52955
144,Izzy,Fauning,ifauning3z@unesco.org,Agender,1FA6P0G78E5142797,624-37-1855,56022394721009853,100_65968
145,Fidelio,Sayer,fsayer40@histats.com,Genderfluid,JTHCL5EF6F5206447,676-11-8455,4026906371619818,100_24386
146,Grissel,Greves,ggreves41@marriott.com,Male,1D4SE6GT4BC594268,740-93-7939,4405516642801060,100_75058
147,Jerrine,Djorevic,jdjorevic42@usatoday.com,Male,WAUCD64B54N114517,220-99-8058,201750975520153,100_93706
148,Anya,Fosserd,afosserd43@free.fr,Female,SALAB2V69FA190870,506-34-2105,676100733838097683,100_14186
149,Diane,Sizland,dsizland44@microsoft.com,Genderqueer,1G6KF54962U931498,870-36-7997,3578099927272961,100_20956
150,Clea,Larrad,clarrad45@weebly.com,Non-binary,JN1CV6EK5BM605206,887-78-2368,30439624773648,100_99739
151,Gus,Kearton,gkearton46@nyu.edu,Genderqueer,JM1GJ1T60E1668853,294-17-0785,3562351838548049,100_43483
152,Rozalie,Southward,rsouthward47@amazon.com,Male,5TFBY5F11CX560944,571-02-6965,374998604401235,100_78872
153,Glennie,Lack,glack48@home.pl,Bigender,WAUEH74F08N873880,498-10-3985,3565391778652481,100_16857
154,Dory,Skilton,dskilton49@abc.net.au,Genderqueer,WAUDFAFL2EN574453,600-47-1967,5477361641499073,100_12360
155,Luther,Brickdale,lbrickdale4a@redcross.org,Polygender,WBA3A5C52DJ084205,699-19-9288,3570187821776555,100_56619
156,Jarid,Ashbee,jashbee4b@deliciousdays.com,Agender,WA1YL64B34N451919,722-39-6532,3573772134161103,100_33606
157,Loleta,Squires,lsquires4c@bravesites.com,Polygender,1FTEW1CM6BF732221,249-32-1110,5007665827038946,100_42528
158,Orv,Della,odella4d@ameblo.jp,Genderfluid,2FMDK4JC7AB938257,330-64-4717,3533241198394645,100_01084
159,Jenny,Rylett,jrylett4e@naver.com,Bigender,WBSPM9C51BE999838,707-62-8442,201655548120516,100_56768
160,Adamo,Stapele,astapele4f@yahoo.co.jp,Female,ZFBCFACH0FZ057163,896-76-1004,589302366345586566,100_99148
161,Sidney,Stairmand,sstairmand4g@reference.com,Genderqueer,WAUDF98E76A468523,110-49-3983,6331105591971543546,100_98369
162,Nilson,Pawel,npawel4h@unesco.org,Non-binary,1B3BD2FB1BN108135,328-34-1858,5048371795323664,100_35997
163,Ada,Geockle,ageockle4i@mayoclinic.com,Genderfluid,4T3BA3BB4DU544265,551-69-1023,4041590042404,100_02274
164,Araldo,Kuban,akuban4j@dion.ne.jp,Polygender,WAUBFAFL6CA749735,107-32-4571,3548773153702605,100_42137
165,Erik,Pottle,epottle4k@nba.com,Genderqueer,1C4NJPBA1FD877079,714-27-8881,3578094823856363,100_63641
166,Raff,Brende,rbrende4l@opera.com,Male,1G4GL5E33DF004354,687-67-7599,3545804190295775,100_52221
167,Cal,Kingswood,ckingswood4m@toplist.cz,Bigender,WBSBR93476P600010,891-38-0925,5108757269960972,100_35593
168,Karola,Sproul,ksproul4n@youku.com,Female,WAUNF78P77A271444,391-08-8264,67627992947764049,100_09007
169,Allegra,Laux,alaux4o@narod.ru,Male,4T1BK3DB9BU831004,100-90-9526,3534401969564938,100_14225
170,Barry,Sherwill,bsherwill4p@ftc.gov,Agender,1FTEW1CFXFF666702,124-41-7619,5048371405991983,100_71267
171,Elyn,Troak,etroak4q@npr.org,Non-binary,1G6DF5E56D0410957,834-49-5279,56105850813987934,100_16968
172,Margarethe,McQuin,mmcquin4r@blogtalkradio.com,Male,3D4PG3FG0BT845794,658-73-6805,501846152095284745,100_94403
173,Packston,Farnham,pfarnham4s@fastcompany.com,Male,YV1612FH8D2930362,675-53-9128,201995941069369,100_07282
174,Kariotta,Gallienne,kgallienne4t@ameblo.jp,Female,SCBDR33WX9C782427,133-28-0132,3565890153782037,100_10746
175,Lorne,Trenouth,ltrenouth4u@bloglovin.com,Bigender,4USCN534X2L928890,687-51-3276,4274794301371,100_97779
176,Halsey,Assaf,hassaf4v@cnet.com,Male,WA1DGAFE6BD703727,818-83-4508,50207936922729778,100_86033
177,Nanny,Cock,ncock4w@deliciousdays.com,Genderfluid,2T1KE4EE9DC752538,560-62-5905,6396393403781683,100_24638
178,Bryna,Norval,bnorval4x@trellian.com,Agender,WAURGAFD1DN033744,452-86-7988,4936350719299562,100_38184
179,Rikki,Huck,rhuck4y@loc.gov,Genderfluid,KNAFU5A2XB5912908,392-59-8863,30254214311638,100_83777
180,Cordelia,Fautly,cfautly4z@oaic.gov.au,Male,WBA3R1C53EK851766,538-78-3559,5610633075489947,100_79723
181,Niko,Heustice,nheustice50@xing.com,Female,TRUUT28N431390447,765-03-1598,4844680633947271,100_16794
182,Alina,Dies,adies51@google.pl,Genderqueer,NM0AE8F73F1077468,767-62-4398,30439417256033,100_19093
183,Cynthie,Gascoyen,cgascoyen52@ow.ly,Bigender,2C4RDGCG6DR439647,587-22-1628,5567387323720149,100_58072
184,Charmain,Antoszczyk,cantoszczyk53@sciencedaily.com,Polygender,1G6DX67D260855142,119-15-6278,3553529538018535,100_17009
185,Gabriellia,Pavey,gpavey54@sciencedaily.com,Genderqueer,1FBAX2CMXFK338126,800-40-7646,3563789774274170,100_62789
186,Mathilda,Giacomucci,mgiacomucci55@berkeley.edu,Male,WDDJK7DA7DF096356,602-05-9791,3532913619076800,100_73209
187,Crosby,Huton,chuton56@nyu.edu,Genderfluid,WAULC58E93A319443,342-04-9561,4917981315138672,100_26584
188,Fabian,Vowden,fvowden57@businessweek.com,Genderqueer,1G6DP5EV4A0646645,236-97-2524,6304183120695314489,100_29592
189,Kalila,Windus,kwindus58@slate.com,Polygender,3C6TD5ET1CG073029,104-33-5636,3567856515826372,100_91396
190,Gerrie,Cosh,gcosh59@tripod.com,Female,WAULT58E34A455892,236-05-1700,676793122162594881,100_66345
191,Hyacintha,Jaye,hjaye5a@ucla.edu,Polygender,WAUKD78P36A546864,516-59-4252,5595418816386514,100_95706
192,Lauritz,Terram,lterram5b@opensource.org,Polygender,3D73M4CL1BG502938,329-86-9224,67594510427205876,100_53012
193,Marketa,Lancetter,mlancetter5c@state.tx.us,Genderfluid,1FTFW1E8XAK116242,250-87-3522,3553076712180616,100_08832
194,Missy,Stanfield,mstanfield5d@pen.io,Male,2FMDK4KC9AB879260,738-13-9886,4041595743412795,100_96179
195,Shannan,Croux,scroux5e@indiegogo.com,Agender,2HNYD18871H283737,421-25-2454,67625204066077118,100_10263
196,Julina,Beddows,jbeddows5f@wix.com,Non-binary,WA1WMBFE9CD894830,686-36-1011,6767849285544085954,100_96558
197,Lindsy,Croux,lcroux5g@geocities.com,Female,JTDKN3DP9C3310993,612-64-7755,3570843110152169,100_79207
198,Gizela,Pinck,gpinck5h@bbc.co.uk,Genderfluid,1G4HJ5EM8AU479539,652-46-9115,3568431182896865,100_42104
199,Koralle,Pock,kpock5i@netlog.com,Genderfluid,WBAAV334X1E398972,616-64-9929,56022431742586947,100_47044
200,Jermaine,McCready,jmccready5j@census.gov,Genderqueer,WAUHMBFC1EN528271,770-16-3931,6382690445356010,100_54656
201,Alli,Nourse,anourse5k@usa.gov,Non-binary,1G6DN57SX50393135,790-06-2089,4508235540925287,100_23315
202,Karyl,Christopher,kchristopher5l@utexas.edu,Female,WAUMGBFL7CA990232,462-35-8151,4913708492001819,100_59251
203,Mae,Cogle,mcogle5m@cnet.com,Genderqueer,5TDBM5G19CS076262,787-27-8850,5018574905246099,100_80011
204,Philly,Ruse,pruse5n@netscape.com,Genderqueer,4T1BK1EB2EU189460,303-58-7110,3588148489829680,100_85597
205,Nara,Weatherby,nweatherby5o@independent.co.uk,Polygender,2HNYD18655H589629,393-79-4868,3580888632775383,100_06980
206,Irwinn,Bendley,ibendley5p@bbc.co.uk,Non-binary,2C3CCAKG5EH896646,305-40-0259,4030879502659,100_97661
207,Sophey,Diego,sdiego5q@skype.com,Genderfluid,TRURD38J691383269,374-98-3402,3573494857601526,100_62287
208,Alessandro,Sloy,asloy5r@ox.ac.uk,Female,WP0CB2A83FS143027,677-43-0684,3554732733941282,100_47780
209,Brenn,Hackelton,bhackelton5s@newsvine.com,Agender,WBA3C1C57CF306533,681-60-0953,3528203476003139,100_11630
210,Galvan,Lepope,glepope5t@hao123.com,Male,WBSWL93589P582987,593-21-9332,201915490857931,100_14044
211,Jesse,Guiso,jguiso5u@java.com,Female,3VWKX7AJ5AM238278,787-43-4215,5538749054591625,100_38978
212,Selena,Carbett,scarbett5v@sciencedaily.com,Genderfluid,WA1VMAFE1CD548051,279-55-8094,3534793522784320,100_05110
213,Lowrance,Elia,lelia5w@umich.edu,Bigender,3N1AB7AP1FL755143,328-80-4888,5182205467232827,100_11424
214,Gerti,Varndall,gvarndall5x@reference.com,Agender,1G6DS5EVXA0177480,847-44-7958,3550296841886742,100_92702
215,Geralda,Fink,gfink5y@reuters.com,Agender,WAUGN94F99N627683,783-77-7029,371381924534006,100_79007
216,Magda,Rosencrantz,mrosencrantz5z@youku.com,Genderqueer,WAUVFAFH8AN664782,436-27-9722,630492868192257847,100_88768
217,Jorge,Caldairou,jcaldairou60@craigslist.org,Male,WP1AE2A24CL221732,150-61-0420,5602240047470060,100_19344
218,Fayette,Leach,fleach61@blogs.com,Bigender,1GD120EG5BF204597,125-42-5179,342313691605236,100_29804
219,Mireille,Ahern,mahern62@cdbaby.com,Polygender,SCFEBBEL8DG343023,774-66-5365,3563717631683929,100_13332
220,Dyann,Riseborough,driseborough63@dailymotion.com,Male,2T1KE4EE2CC462768,592-41-2558,3528102787558312,100_24095
221,Halimeda,Von Welden,hvonwelden64@disqus.com,Genderqueer,JHMFA3F20BS524059,314-83-9986,3542165967091992,100_84832
222,Annabell,Imos,aimos65@cafepress.com,Genderqueer,WBABW33484P144204,596-43-6815,63044110462547343,100_57242
223,Cecily,Chesman,cchesman66@livejournal.com,Genderqueer,1G6DL1ED3B0001742,899-77-4119,3557137841278295,100_58728
224,Eolanda,Longworthy,elongworthy67@wikia.com,Genderfluid,WBA5A7C59ED785585,588-79-6657,5007666707231122,100_89620
225,Kalli,Cullrford,kcullrford68@nih.gov,Agender,WBAAV53481F055552,183-40-1289,3571444990085139,100_71016
226,Keenan,Beckham,kbeckham69@google.co.jp,Non-binary,JH4DC54863S239811,858-68-8522,56022474837512279,100_07870
227,Jobi,Levings,jlevings6a@ihg.com,Polygender,5FNYF3H29FB013820,187-04-4621,372301126765900,100_31472
228,Emalia,Ruggs,eruggs6b@soundcloud.com,Polygender,2C3CCAGG7FH496890,500-12-2809,5002352455247256,100_93080
229,Haywood,Brownhill,hbrownhill6c@dion.ne.jp,Agender,WAUAC48H34K255584,324-22-4158,3554914718874981,100_68147
230,Dionne,Flintoffe,dflintoffe6d@a8.net,Polygender,5XYKT3A13BG709530,144-37-1516,3582806572119196,100_64698
231,Kirby,Jenken,kjenken6e@baidu.com,Male,1G4HR54K914776411,545-09-8973,5602228085670143184,100_81428
232,Crystal,Gilhool,cgilhool6f@amazon.com,Agender,1G6DA67VX90078692,491-35-2727,377662546798366,100_36029
233,Zacharie,Mottershead,zmottershead6g@nymag.com,Genderfluid,3N1AB7AP3FL272785,552-32-8010,56022205690026886,100_81597
234,Marlene,Parram,mparram6h@eventbrite.com,Genderfluid,2G4WE587871048513,472-06-7552,3559438292628808,100_06432
235,Elaine,Bladen,ebladen6i@topsy.com,Bigender,1B3CB7HB7AD887503,180-75-0114,5590443886418794,100_82053
236,Ev,Daysh,edaysh6j@ifeng.com,Bigender,SCBZK25EX2C837697,158-38-7332,3535281541545954,100_59055
237,Car,Ropp,cropp6k@51.la,Genderfluid,5J6TF1H58EL931590,669-68-8413,3531628686636176,100_56382
238,Dulce,Rootes,drootes6l@opensource.org,Male,5FNYF3H2XFB532715,275-14-3761,30313753251900,100_78360
239,Bruno,Woodeson,bwoodeson6m@noaa.gov,Genderqueer,JM3TB2BA0D0326208,755-08-4419,6331107936275086213,100_35564
240,Rozanna,Roaf,rroaf6n@thetimes.co.uk,Polygender,1FTWX3A59AE304740,207-36-6571,3578288188080441,100_02405
241,Griff,Rutgers,grutgers6o@mayoclinic.com,Genderfluid,WAUKG98E86A920578,664-12-1831,3550248863156637,100_40473
242,Rikki,Killner,rkillner6p@earthlink.net,Genderfluid,5YMGY0C53AL118582,540-23-2517,5295746650795512,100_86019
243,Franky,Schust,fschust6q@adobe.com,Male,WAUBF78E38A856900,646-06-8049,676394723520949783,100_61142
244,Giorgio,Spellacy,gspellacy6r@i2i.jp,Male,1D4RD3GG4BC996651,691-53-9567,5010122898688980,100_28633
245,Thatch,Osmar,tosmar6s@hao123.com,Polygender,5N1AA0NC8CN145990,474-99-8376,30238310298690,100_02070
246,Amery,Artinstall,aartinstall6t@amazon.co.uk,Non-binary,19XFB4F21FE909661,488-61-8922,201961544439094,100_70182
247,Web,Pales,wpales6u@php.net,Genderqueer,4T3BA3BB0FU677933,446-67-2689,3570989957527607,100_15803
248,Nealon,Kelshaw,nkelshaw6v@yelp.com,Non-binary,WBAUL7C55DV376031,642-81-9806,5408599216776318,100_45590
249,Guinna,Otteridge,gotteridge6w@redcross.org,Bigender,WBAVM1C55EV978279,879-81-3238,3561590934817508,100_81647
250,Agneta,Ellsworthe,aellsworthe6x@virginia.edu,Agender,1FMJK2A51AE953737,115-49-1497,5304395361766088,100_91727
251,Myron,Jaray,mjaray6y@about.com,Genderqueer,WVWED7AJ1BW803572,277-17-3648,3556200674594393,100_62790
252,Lombard,Alonso,lalonso6z@state.gov,Polygender,1FTWW3B55AE716364,108-99-7570,3577938438997957,100_57087
253,Inglis,Brusin,ibrusin70@people.com.cn,Genderfluid,WBAEH73405B514221,880-31-9625,30404612577989,100_77240
254,Yardley,Pickwell,ypickwell71@alibaba.com,Female,JTJBM7FX5F5524411,485-06-4545,4936628817304939564,100_88393
255,Norby,Pierrepoint,npierrepoint72@bbb.org,Bigender,2FMGK5BC3AB648261,731-88-3356,3572811738118977,100_91306
256,Danny,Rosberg,drosberg73@earthlink.net,Non-binary,1GTN1TEH5EZ585499,231-07-2482,3547287124730174,100_25295
257,Isabeau,Blincowe,iblincowe74@cpanel.net,Male,WBAPT73559C257895,894-34-1593,30089906371221,100_43898
258,Bertram,Matschke,bmatschke75@hc360.com,Genderqueer,1C3BC4EB8AN928987,469-55-8840,5348089994007832,100_62067
259,Dale,Dellenbach,ddellenbach76@behance.net,Polygender,KMHCT4AE0CU784016,876-81-3054,4349394207491506,100_47443
260,Rahal,Leisman,rleisman77@dot.gov,Male,WBA1F5C50FV915107,842-63-7315,3546183646476811,100_31756
261,Devondra,Somerfield,dsomerfield78@mtv.com,Bigender,3N1AB7AP3FY072072,151-31-3848,6767785669407359166,100_10571
262,Drud,Plose,dplose79@tinypic.com,Polygender,3D73M4ELXBG587680,869-16-5718,3539866916981960,100_62684
263,Celia,Cantero,ccantero7a@earthlink.net,Non-binary,WAUVT68E63A686007,436-72-2516,3571295395647174,100_09466
264,Heida,Harm,hharm7b@reference.com,Bigender,JH4CL95978C339119,343-21-2784,67617348366186788,100_24636
265,Ursulina,McAree,umcaree7c@cafepress.com,Bigender,JN1AZ4FH7FM054432,883-81-2864,3559919370743189,100_49966
266,Frannie,Rubi,frubi7d@nifty.com,Female,VNKKTUD30FA271761,431-67-8357,36646588086262,100_62027
267,Ardith,Sambidge,asambidge7e@creativecommons.org,Agender,WDDEJ7KB3CA071353,272-73-2029,337941805968731,100_42701
268,Sheena,Dooland,sdooland7f@gnu.org,Non-binary,WAUHFAFL4BN276581,140-37-9819,30199600049088,100_70394
269,Cris,Clayworth,cclayworth7g@wisc.edu,Agender,JTJHY7AX8D4225908,521-08-3264,3530184389196788,100_17928
270,Jo,Marages,jmarages7h@xrea.com,Genderfluid,JN8AS5MT7BW508793,193-97-6869,3553588623301925,100_62059
271,Joscelin,Parke,jparke7i@auda.org.au,Genderfluid,5XYZG3AB5BG987826,107-73-6487,5602243587597862,100_30700
272,Lynett,Bandt,lbandt7j@google.co.jp,Genderqueer,KMHDB8AE1BU193660,288-10-4679,337941974824236,100_11855
273,Leroy,Gidney,lgidney7k@bloglovin.com,Genderfluid,3D7TT2CT8BG992009,101-99-0474,4844581956972179,100_83303
274,Vallie,Le Marchand,vlemarchand7l@arstechnica.com,Genderqueer,1G4HA5EM5AU375445,388-38-1894,3576460217081359,100_47537
275,Hinze,Hammerman,hhammerman7m@eepurl.com,Non-binary,2T1KU4EE5DC925281,223-60-8058,5100177189474780,100_58428
276,Ara,Wiggam,awiggam7n@sciencedaily.com,Genderqueer,1LNHL9EK6FG872820,354-72-8927,3555184584515733,100_45039
277,Carolee,Burras,cburras7o@cocolog-nifty.com,Non-binary,2HNYD18746H766570,834-38-1052,4041372519588665,100_56664
278,Abba,Piggin,apiggin7p@hibu.com,Genderfluid,WA1CGAFP0FA976828,182-22-4395,4175005488787938,100_73923
279,Carmita,Gilpillan,cgilpillan7q@hatena.ne.jp,Genderqueer,JH4CU26669C787975,588-56-3233,3555824388201119,100_96625
280,Cam,Pidgeley,cpidgeley7r@github.io,Agender,1FMJU1G58AE718439,811-39-8440,3550929805258264,100_81032
281,Vivia,Gerred,vgerred7s@telegraph.co.uk,Bigender,1G6AH5S30D0219034,701-58-0445,564182793851097589,100_31549
282,Geri,Hartshorn,ghartshorn7t@instagram.com,Non-binary,WDBSK7AA5CF900234,879-36-4788,5602237251480918,100_73819
283,Bibi,McMurraya,bmcmurraya7u@w3.org,Genderfluid,WVWAN7AN9DE195579,539-42-5802,30488214043029,100_84935
284,Jeffrey,Polye,jpolye7v@ebay.com,Non-binary,1FMJK1H53EE637441,269-43-3864,4903513895301762,100_52342
285,Farrand,Stockau,fstockau7w@huffingtonpost.com,Genderfluid,WDBWK5EAXAF681042,326-97-3394,3536913306155855,100_25865
286,Janaya,Fullerton,jfullerton7x@washington.edu,Bigender,19XFB4F26DE641770,274-79-1475,374622929302288,100_88258
287,Wenonah,Corss,wcorss7y@rakuten.co.jp,Male,SAJWA4EC6BM970269,219-56-3308,3582851761828454,100_15066
288,Candice,Sullivan,csullivan7z@scientificamerican.com,Non-binary,5BZBF0AA3EN437497,356-68-9971,5103881923228975,100_55139
289,Ewell,Hayle,ehayle80@linkedin.com,Agender,JTEBU5JR1B5927405,100-36-9498,3532095996122652,100_81096
290,Juliana,Burditt,jburditt81@buzzfeed.com,Male,19UYA42543A007422,165-71-4826,5108752018314860,100_86666
291,Augusta,Stothart,astothart82@deviantart.com,Bigender,5N1AN0NUXCN278991,801-62-4798,5610843633078997,100_59417
292,Sascha,Glyne,sglyne83@hhs.gov,Genderfluid,WAUKG78E16A754604,558-88-3036,5602259085898701,100_66256
293,Eleonore,Cullum,ecullum84@a8.net,Polygender,1G6DV5EP1B0404906,455-75-4266,3546152711810428,100_41168
294,Barbe,Abazi,babazi85@comsenz.com,Polygender,WAUEL74F76N458938,316-43-6992,6767692504272553654,100_65355
295,Wallache,Beneze,wbeneze86@cnn.com,Polygender,1C3CCBBB5CN804062,879-69-0385,6333327630290067288,100_22493
296,Mil,Tyer,mtyer87@fastcompany.com,Male,1FTEW1CM9BF324845,833-27-4211,4844350610278377,100_65484
297,Klaus,Gergely,kgergely88@jigsy.com,Genderfluid,WAUBFCFL8CA634016,235-88-4016,36389589343420,100_40927
298,Farley,Gawith,fgawith89@is.gd,Genderfluid,1FAHP3GN8AW105228,706-23-3146,5007666861387090,100_25747
299,Roseanne,Chaff,rchaff8a@globo.com,Agender,5GAKRAKD3FJ191695,320-57-4673,3561854576206804,100_11450
300,Tommie,Dempster,tdempster8b@whitehouse.gov,Non-binary,2V4RW3D11AR411589,155-48-7227,5602255023586523,100_32608
301,Vera,Bygate,vbygate8c@e-recht24.de,Non-binary,WVGAV3AX9EW766344,636-63-1314,3580797693145214,100_37922
302,Nap,Barneville,nbarneville8d@feedburner.com,Female,WBA3V9C59F5710811,560-58-6365,4017956561914,100_27604
303,Wylie,Skipper,wskipper8e@cpanel.net,Male,SCFFDAAE9CG662591,706-26-0931,3571417785761932,100_52569
304,Baird,Bignal,bbignal8f@paginegialle.it,Bigender,1GYFK23299R132397,654-51-3685,3555865109248731,100_45867
305,Niles,Janus,njanus8g@freewebs.com,Genderfluid,WBAUN9C58AV057062,296-47-8597,372301375813930,100_84386
306,Kalli,Rhyme,krhyme8h@seattletimes.com,Male,WBAWC73519E069391,792-62-6266,6709235584390085,100_61662
307,Fan,Hare,fhare8i@sohu.com,Non-binary,1GD11ZCG1DF217201,237-50-7358,490557154263446291,100_98711
308,Roana,Chopping,rchopping8j@geocities.com,Male,3GYFNEE3XDS195304,673-96-0722,67597618346722611,100_82215
309,Markus,Keene,mkeene8k@hhs.gov,Genderqueer,WAUKD78P77A070071,558-54-6484,5106854337775037,100_47703
310,Beck,Moran,bmoran8l@toplist.cz,Genderfluid,2G4WB52K841155692,862-31-7999,4175007564698609,100_38702
311,Lottie,Yannikov,lyannikov8m@state.tx.us,Female,WBAGN63404D996235,358-87-4707,3568683072884746,100_34815
312,Cy,Bonnesen,cbonnesen8n@feedburner.com,Male,WA1DGAFP8EA059882,615-12-2929,30285670265801,100_86296
313,Zebedee,Watt,zwatt8o@instagram.com,Agender,1FTSF3B57AE631251,801-61-7569,3572286007330894,100_35145
314,Aloin,Boyet,aboyet8p@about.me,Polygender,5J8TB2H21AA880292,503-05-2474,3548306311827863,100_50916
315,Samara,Blandford,sblandford8q@gizmodo.com,Genderqueer,JN1AZ4EH2CM429608,699-74-7463,5602215997199661,100_07004
316,Carolann,Gilliatt,cgilliatt8r@engadget.com,Genderqueer,4T1BF1FK0CU354583,365-41-9601,3575990068571604,100_61752
317,Jemmy,Chaudhry,jchaudhry8s@feedburner.com,Genderfluid,WA1VMAFP1EA614412,577-56-0506,5602214261812364,100_75276
318,Elna,Troth,etroth8t@reverbnation.com,Genderqueer,KMHHU6KJ4FU794448,754-50-2552,3549300179109778,100_76104
319,Alon,Shepherdson,ashepherdson8u@mediafire.com,Female,3N1AB7AP8FL930388,156-06-9833,5048373184140022,100_64028
320,Ellen,Feckey,efeckey8v@shinystat.com,Bigender,1FMHK7B8XCG652606,699-58-6899,3539041615392956,100_19550
321,Renie,Stenhouse,rstenhouse8w@irs.gov,Bigender,WBAKF5C51BE099796,862-59-0883,4936434622403972,100_68087
322,Peterus,Stenet,pstenet8x@eventbrite.com,Polygender,3D7TT2CT7AG193188,294-02-9673,5577255018069528,100_60287
323,Timmie,Rozier,trozier8y@goo.gl,Male,19XFA1E60AE918558,229-61-3222,5002358976001973,100_92703
324,Cash,Pay,cpay8z@nyu.edu,Agender,WBANA53585C474367,723-53-4598,376938024435650,100_52326
325,Norry,Rishman,nrishman90@hugedomains.com,Bigender,2C3CCARG9EH333668,781-37-5774,6394653884903144,100_85048
326,Barnard,Aronow,baronow91@unblog.fr,Female,1FTSW3A53AE351974,754-16-8792,5002358768396607,100_25387
327,Gustav,Hawick,ghawick92@ucla.edu,Genderqueer,WBAKF9C56CE091279,717-50-6543,3534591509728256,100_74424
328,Misty,Hayen,mhayen93@usda.gov,Genderfluid,JM1GJ1U55F1496701,762-64-5901,5602245785218555,100_25771
329,Spense,Salaman,ssalaman94@exblog.jp,Agender,2G4WN58C281172324,680-13-9605,3549304911693172,100_09698
330,Reece,Basnett,rbasnett95@timesonline.co.uk,Genderfluid,3VW517AT9EM265862,542-25-1299,3573328802963765,100_11092
331,Zandra,Weadick,zweadick96@cdbaby.com,Agender,3FADP4AJ3EM946843,698-87-3819,4041377193618779,100_22901
332,Andria,Bohl,abohl97@earthlink.net,Polygender,WAUBNBFB7AN524102,680-60-9378,6388013053230027,100_39940
333,Chiquita,Deschlein,cdeschlein98@berkeley.edu,Non-binary,JTDZN3EU6FJ108177,640-56-4102,5602244407227995918,100_93369
334,Shelden,Brotherhead,sbrotherhead99@go.com,Non-binary,ZFBCFABH5EZ352985,287-62-9637,4508977712541760,100_12010
335,Susannah,Hawking,shawking9a@angelfire.com,Female,5N1AN0NWXDN786669,612-72-0718,3541889185822331,100_23797
336,Romona,Wehden,rwehden9b@biglobe.ne.jp,Male,3D73Y3CL0BG455691,895-10-4342,633314714030071661,100_95809
337,Etti,Ludgrove,eludgrove9c@toplist.cz,Genderfluid,YV4952CZ1E1954852,446-84-3168,30363606066799,100_87369
338,Roseann,Sunter,rsunter9d@simplemachines.org,Genderfluid,WAULC58E55A640849,264-56-6228,5330408436694173,100_71329
339,Isidor,MacChaell,imacchaell9e@mac.com,Agender,1G6DF8EY2B0833978,267-37-2487,5602218932008419,100_29813
340,Karalynn,Sylvaine,ksylvaine9f@1und1.de,Agender,WAUBF48H98K480836,757-77-6737,30442510969544,100_94360
341,Reid,Hebson,rhebson9g@discuz.net,Female,JH4CW2H52DC715419,582-88-4267,4917564106601932,100_65412
342,Chrissy,Abbotson,cabbotson9h@spiegel.de,Female,3C6TD4KT7CG870030,144-18-9671,201450853681462,100_05525
343,Cathee,Joerning,cjoerning9i@ucla.edu,Bigender,WAUMGBFL1AA574612,731-12-0811,3571454894733809,100_95705
344,Fabio,Baughen,fbaughen9j@cbc.ca,Agender,WBXPA73475W248708,192-57-5170,30319825932641,100_85094
345,Nobe,Griffen,ngriffen9k@vk.com,Non-binary,2C3CDZAT5FH639823,443-83-1001,3577737981423894,100_47108
346,Yetta,Lauritsen,ylauritsen9l@altervista.org,Agender,WA1CMAFE0AD464503,579-24-9992,6706775118693200,100_70300
347,Diego,Shrubsall,dshrubsall9m@yale.edu,Non-binary,SAJWA6BC9F8847290,649-38-6216,30442664510755,100_59930
348,Wendy,Yeudall,wyeudall9n@lycos.com,Non-binary,JN1AZ4EHXDM473664,770-15-7380,5356339378162680,100_32200
349,Marlo,Eloy,meloy9o@goodreads.com,Non-binary,WDDLJ7DB2CA677697,806-73-7729,3584286839905109,100_06473
350,Ame,Lugton,alugton9p@huffingtonpost.com,Non-binary,WAUDG58E05A851062,421-87-8750,3535147507838628,100_22530
351,Erroll,Osgerby,eosgerby9q@gnu.org,Non-binary,TRUTC28N831420075,753-04-2652,6761000283652513584,100_79582
352,Ofella,Jinkinson,ojinkinson9r@paginegialle.it,Agender,1C4AJWAG8FL064861,714-14-9505,6762969116886285909,100_01057
353,Jori,Stopforth,jstopforth9s@topsy.com,Genderqueer,WA1YD54B43N263691,192-81-1835,4917592393209614,100_27380
354,Adella,Quinton,aquinton9t@photobucket.com,Genderfluid,4T1BF3EKXAU774975,448-33-1747,63040302712136084,100_10687
355,Abbe,Bignal,abignal9u@histats.com,Non-binary,JM1CW2BL0E0373321,552-05-3160,5100170356306745,100_73818
356,Lombard,Routh,lrouth9v@theguardian.com,Bigender,WBAPH5G51BN245804,691-49-0347,3580850352474423,100_81460
357,Donavon,Connors,dconnors9w@stumbleupon.com,Agender,3D73Y4CL1AG289976,469-95-8331,5108755660334326,100_76265
358,Koral,Aldham,kaldham9x@is.gd,Genderqueer,1G6DM56T750403858,737-76-3076,3540554720313938,100_94321
359,Mahalia,De Bruijne,mdebruijne9y@bigcartel.com,Male,SCBFC7ZA9DC106847,314-85-7565,201736261070102,100_71291
360,Gannon,Wainwright,gwainwright9z@oracle.com,Genderfluid,WBA3N3C54EF646506,877-41-6195,3565872038486331,100_41184
361,Mateo,Moreton,mmoretona0@soundcloud.com,Genderqueer,1D7RB1CT0AS058344,108-42-0807,6304480850946975,100_63236
362,Gabbi,Abley,gableya1@gnu.org,Female,YV4952BZ3E1403341,549-05-4482,3530488274213362,100_90480
363,Mariana,Bloxsum,mbloxsuma2@qq.com,Genderfluid,WVWED7AJ2BW215700,455-73-7085,374283977353283,100_62856
364,Milli,Bilney,mbilneya3@nih.gov,Genderfluid,WAUK2AFD7FN873689,836-66-9884,560222222130405892,100_62620
365,Carolyne,Daniellot,cdaniellota4@uol.com.br,Genderfluid,2C3CDXFG0FH801843,108-07-7243,6706994649910377,100_61750
366,Caritta,Fradgley,cfradgleya5@nyu.edu,Non-binary,WAUVT58E92A957764,671-36-8177,3572389582829924,100_85615
367,Dev,Fortesquieu,dfortesquieua6@is.gd,Male,WVWAB7AJ4DW312162,751-72-9713,3534277771580407,100_21672
368,Jobi,Spawell,jspawella7@pagesperso-orange.fr,Genderqueer,3VW467ATXDM328768,859-98-5275,3541267320448959,100_90691
369,Alix,Sibly,asiblya8@house.gov,Genderfluid,1G6DM57T960406180,462-24-8597,5100134357696124,100_05544
370,Alidia,Grigoryev,agrigoryeva9@state.gov,Female,WDDGF4HB6DA919226,348-65-5745,30395366871703,100_66471
371,Corrine,Van den Oord,cvandenoordaa@diigo.com,Genderfluid,WAUMF98K19A801177,721-25-0575,3588500067130230,100_08951
372,Zelda,Stephens,zstephensab@xrea.com,Bigender,WA1WMAFE3BD691716,749-17-2368,3575141950520347,100_37061
373,Berny,Okill,bokillac@weather.com,Male,WBA3N9C54EF194897,226-93-6146,201940142691793,100_28072
374,Wandis,Critten,wcrittenad@auda.org.au,Bigender,3GYFNCE31CS806825,359-50-3260,3589056071560390,100_13657
375,Elysha,Schult,eschultae@utexas.edu,Polygender,1G4HH5E96AU974913,316-61-3466,3557286703848370,100_65362
376,Myca,Brafield,mbrafieldaf@japanpost.jp,Male,WBAKX8C54CC858842,881-65-3967,50206900404011874,100_19686
377,Francois,Redgate,fredgateag@bbc.co.uk,Male,JHMZF1C66ES824865,277-94-1020,4936081112325786248,100_25971
378,Gorden,Trenear,gtrenearah@diigo.com,Genderqueer,WA1EFCFS5FR229335,401-55-7169,3588674740013152,100_55944
379,Christabella,Winkle,cwinkleai@bluehost.com,Genderqueer,WDDHF5KB5EA791856,531-16-6870,3554828437217175,100_44204
380,Birgit,Le Galle,blegalleaj@cnbc.com,Polygender,1FTEW1E81AK118005,204-68-9692,5893282861167600300,100_61227
381,Rowen,Bridewell,rbridewellak@ft.com,Genderqueer,WBAEP33435P136281,735-26-9785,3558643219589824,100_10144
382,Bathsheba,Fantin,bfantinal@miibeian.gov.cn,Non-binary,WAUAC48H86K437624,537-01-7163,342321948932543,100_28752
383,Trefor,Domsalla,tdomsallaam@privacy.gov.au,Male,3GYEK62N05G834701,499-76-5334,5100148227383259,100_51285
384,Nealon,Foord,nfoordan@taobao.com,Genderqueer,1FTSX2B59AE674531,872-08-2725,377881499675740,100_09092
385,Caroline,Pluthero,cplutheroao@globo.com,Genderfluid,1FTEW1E81AF858856,292-62-0617,5010120177192203,100_64541
386,Diann,Sebyer,dsebyerap@irs.gov,Polygender,1GYEE437090042165,146-27-8851,3541288190268350,100_52944
387,Lea,McFall,lmcfallaq@bravesites.com,Polygender,1GYUKBEF7AR716468,428-69-4314,3589005906415254,100_96632
388,Eden,Fellman,efellmanar@weebly.com,Non-binary,5FPYK1F55EB238982,543-92-9000,5219915348275822,100_57468
389,Raleigh,Hubach,rhubachas@hexun.com,Male,1GYUCAEF2AR427912,771-05-2595,3569709182526619,100_35988
390,Talbert,Shurrock,tshurrockat@abc.net.au,Genderfluid,WAUK2AFD2FN554734,379-77-8636,3563276030160443,100_09123
391,Sande,Asipenko,sasipenkoau@netvibes.com,Polygender,JH4CL95838C156873,384-80-6939,3535547547366292,100_19909
392,Karlotte,Verheijden,kverheijdenav@hugedomains.com,Non-binary,SCFAD02A95G808393,365-94-2550,5002357131083058,100_60732
393,Elfie,Giorgini,egiorginiaw@typepad.com,Agender,JN1AZ4EH0DM208820,721-68-8316,3541795916065589,100_31021
394,Golda,Barlow,gbarlowax@digg.com,Polygender,JM1DE1HY8B0935790,579-39-1455,3536354988667356,100_19034
395,Leanora,Murtell,lmurtellay@yahoo.com,Polygender,WDDEJ7GBXDA839985,143-01-9030,3528638499777179,100_32701
396,Betteann,Melody,bmelodyaz@dagondesign.com,Genderfluid,SCFEDCAD3CG662682,581-10-7632,30280098448683,100_15522
397,Bryce,Dowle,bdowleb0@scribd.com,Genderfluid,JTHKD5BH7C2901855,848-93-9708,5602255856794962,100_28852
398,Alysa,Bartomieu,abartomieub1@discuz.net,Bigender,JH4NA126X2T351556,270-18-2832,58937128328896134,100_86887
399,Dalton,Jardin,djardinb2@typepad.com,Polygender,WAUEL74F55N877787,435-57-1177,5100137000278018,100_13694
400,Jamill,Bretland,jbretlandb3@de.vu,Agender,WA1DGBFE7BD617977,774-64-0265,4844832057511808,100_02814
401,Clio,Wilshire,cwilshireb4@blog.com,Male,KNAFZ6A33F5020330,823-17-5369,6709319427385138,100_03902
402,Lonnie,Ranson,lransonb5@hexun.com,Non-binary,3VWML7AJ3BM913891,857-21-5640,5602218145457759,100_27379
403,Zondra,Shalcros,zshalcrosb6@mayoclinic.com,Polygender,SCBGU3ZA4EC957093,697-33-0505,30365896604924,100_52418
404,Eden,Belamy,ebelamyb7@uiuc.edu,Non-binary,1C4RDHEGXEC107501,218-71-4560,3582308381367934,100_66135
405,Lonna,Leibold,lleiboldb8@booking.com,Agender,WBAFU9C57DD956341,777-25-3681,3556900487135256,100_54171
406,Babita,Kaliszewski,bkaliszewskib9@miibeian.gov.cn,Female,WVGAV7AX8AW620518,334-26-2745,560225756905328943,100_77237
407,Gordy,Pariso,gparisoba@istockphoto.com,Male,WA1VMAFE0AD758296,213-73-3664,503830438040339849,100_28740
408,Deborah,Comazzo,dcomazzobb@squidoo.com,Genderfluid,WAULK78K29A181192,625-38-4950,3574881175989162,100_34131
409,Ardath,Sawney,asawneybc@nydailynews.com,Female,1G6AF5S36E0869686,503-12-2023,3529033652704641,100_26803
410,Baily,Napoli,bnapolibd@dyndns.org,Agender,1G6DG5E57C0287746,343-09-9385,30405724248781,100_77775
411,Shari,Downham,sdownhambe@t-online.de,Agender,WAUED54B01N557205,477-07-2787,201980120058771,100_78890
412,Jerrome,Innman,jinnmanbf@ed.gov,Genderfluid,JN8AZ1MU9EW481954,316-39-2038,5610223247826034,100_68208
413,Babita,O'Collopy,bocollopybg@google.cn,Polygender,WBAKG1C58DJ611912,325-64-5700,3588862244836232,100_26731
414,Mallory,Gardener,mgardenerbh@squidoo.com,Polygender,2G4GX5GV3B9388869,828-54-2732,4508297760451014,100_86789
415,Guido,Mullinger,gmullingerbi@comsenz.com,Female,2LMDJ8JK3FB188954,387-87-0737,3537084339656894,100_24060
416,Jammal,Hazeley,jhazeleybj@state.gov,Agender,WA1VMBFE7CD992265,535-92-0440,560222314955896162,100_89943
417,Taddeo,Powling,tpowlingbk@sciencedaily.com,Non-binary,1G4HH5E98AU815617,717-15-5817,4017953732698090,100_99094
418,Domini,Feldhorn,dfeldhornbl@amazon.de,Bigender,WBADT334X1G651943,223-08-5751,30147324225807,100_90188
419,Patric,Moyne,pmoynebm@cbslocal.com,Female,WAUUL78E65A078816,403-05-2872,201595335076507,100_16860
420,Kacey,Bartleet,kbartleetbn@apple.com,Female,1C4RDJDG6FC870531,812-56-7947,3553252079458826,100_01070
421,Riordan,Pickwell,rpickwellbo@parallels.com,Bigender,WBADX7C53DJ046139,496-29-8898,5048376556477799,100_24885
422,Reeta,Saturley,rsaturleybp@census.gov,Genderqueer,5GAKRBKD1EJ834131,440-18-4641,3584315868048471,100_27227
423,Dicky,Load,dloadbq@cbslocal.com,Male,1G6DP5ED9B0633270,824-04-5187,5100140060817386,100_88759
424,Brier,Banker,bbankerbr@liveinternet.ru,Female,WAUAF78E25A633139,352-44-6933,3569465289301402,100_67381
425,Tawnya,Oda,todabs@google.de,Polygender,1N6AF0LX8FN661554,388-87-1447,36181801173879,100_98995
426,Betti,Milverton,bmilvertonbt@go.com,Bigender,WBALL5C59EE164119,495-74-5455,3584576957070334,100_19637
427,Sansone,Stolle,sstollebu@wordpress.com,Genderfluid,1NXBU4EE1AZ317316,517-31-6584,4017950923227,100_65790
428,Britte,Rodman,brodmanbv@kickstarter.com,Genderfluid,1N6AA0EJXFN311978,441-11-7097,3559148374356158,100_45815
429,Chen,Akitt,cakittbw@whitehouse.gov,Bigender,1FMJK1G59CE047419,173-02-0955,3554339665946493,100_00912
430,Selina,Kubin,skubinbx@4shared.com,Genderfluid,JTDKN3DP6E3880761,477-88-0094,6762775484263949339,100_62635
431,Karia,Gidley,kgidleyby@goo.gl,Bigender,1FMJK1G52EE445249,484-54-3863,3563313677307258,100_08176
432,Luce,Thomerson,lthomersonbz@google.de,Male,WAUMFAFH7FN932613,518-08-0759,6709802187105798446,100_65307
433,Maurice,Whitesel,mwhiteselc0@sciencedaily.com,Agender,WBA3A9G51DN454358,360-03-2786,3563168809512690,100_64930
434,Perry,Carlick,pcarlickc1@arizona.edu,Bigender,WBAYB6C55FG499091,121-54-8185,3589484555341352,100_27884
435,Tad,Lutzmann,tlutzmannc2@facebook.com,Bigender,WP1AE2A21BL390377,499-22-8903,5602247367081740,100_77738
436,Douglas,Snary,dsnaryc3@360.cn,Genderfluid,WUAAU34208N679369,852-70-1803,3538626320036327,100_41538
437,Dora,Divine,ddivinec4@un.org,Genderfluid,W04GS5EC9B1820299,723-95-1546,201663352650925,100_81085
438,Cecily,Huertas,chuertasc5@amazon.co.uk,Bigender,WA1CMAFE6ED716163,592-03-0691,3542401320942401,100_83244
439,Leanor,Brusle,lbruslec6@howstuffworks.com,Genderqueer,WBAEW53404P371248,709-81-7782,6382147804796351,100_23255
440,Fanechka,Flasby,fflasbyc7@dell.com,Female,SCFBF04B98G028368,314-31-1468,5048370186903043,100_84975
441,Culley,Maggorini,cmaggorinic8@naver.com,Bigender,WAUFFAFL0FN894817,286-77-5073,56022145093295847,100_73176
442,Alberta,Sandys,asandysc9@who.int,Male,1FTNX2A58AE406004,745-63-3839,201781960427351,100_94021
443,Selia,Abrams,sabramsca@yelp.com,Female,WAUEFBFL9BN859365,569-59-0763,3577434106895640,100_72493
444,Harper,Laydel,hlaydelcb@usda.gov,Female,3GTU2YEJXDG204396,624-74-6250,6709416777014319686,100_81207
445,Walsh,Hammersley,whammersleycc@moonfruit.com,Non-binary,WP1AA2A24CL755096,314-38-6970,3556488872913784,100_45155
446,Foss,Jaksic,fjaksiccd@hhs.gov,Non-binary,1G6YX36D695009475,312-44-9982,3547521692801367,100_14450
447,Steward,Tarpey,starpeyce@globo.com,Non-binary,WBSBR93454P544291,235-01-6684,3540793711032202,100_21170
448,Torrie,Heigold,theigoldcf@tripod.com,Non-binary,5N1AN0NU3CN779527,871-41-9904,3563101167976066,100_91480
449,Antoine,Verrillo,averrillocg@java.com,Female,SCFEDCAD7BG506353,677-95-8344,3584153996999319,100_68418
450,Corny,Izaks,cizaksch@google.com,Agender,4T1BF1FK9EU567597,282-61-2957,201436322923460,100_49860
451,Rickie,Nyssens,rnyssensci@live.com,Bigender,1FTSE3EL5AD184583,143-63-5875,3535833093591818,100_01711
452,Keenan,Romaint,kromaintcj@telegraph.co.uk,Agender,WAUJC68E84A144908,221-38-7847,3545550999470867,100_92391
453,Noella,Tripon,ntriponck@mayoclinic.com,Male,1G6AM1R35F0979229,705-11-5418,67626561384897405,100_37531
454,Lock,Campione,lcampionecl@cam.ac.uk,Non-binary,19UYA424X1A545286,857-68-2804,4026195685009789,100_41922
455,Gabriele,Kirkhouse,gkirkhousecm@wordpress.com,Genderfluid,JM1NC2LF2D0959043,604-68-3727,4903024790364558,100_32873
456,Rafferty,Brekonridge,rbrekonridgecn@multiply.com,Female,5NPDH4AEXFH445711,857-58-4387,3576777465610013,100_07190
457,Diannne,Wedgbrow,dwedgbrowco@typepad.com,Genderqueer,1FTEX1CW2AF052278,170-67-0254,3563215924971549,100_32013
458,Chicky,Coleiro,ccoleirocp@scientificamerican.com,Male,WUAAU34269N636267,393-38-1027,5463287557573310,100_38862
459,Luella,Kenney,lkenneycq@whitehouse.gov,Polygender,WBAEB5C58AC145546,269-89-0513,5602238481437835,100_79512
460,Justine,Halshaw,jhalshawcr@mapy.cz,Polygender,WBAHN83538D242695,478-11-7188,3559037637851321,100_03812
461,Domeniga,Hightown,dhightowncs@naver.com,Polygender,WAUMFAFR3FA488940,492-79-7933,675943612143668631,100_76175
462,Jeanette,Dellit,jdellitct@wordpress.com,Genderqueer,JH4DB75681S528424,491-39-3224,341357913157865,100_50488
463,Alecia,Segge,aseggecu@google.it,Male,1G6AB5SAXD0170151,887-89-6426,4508767292481549,100_67023
464,Cullie,Simnell,csimnellcv@tripod.com,Non-binary,WAUKFBFL0CN876673,805-82-7627,5461187694950268,100_02418
465,Charleen,Gillio,cgilliocw@tmall.com,Female,5UXWX5C50BL382315,696-33-6510,3579755501589968,100_04682
466,Zach,Shillabeer,zshillabeercx@microsoft.com,Polygender,JA4AP3AU4BZ396722,650-99-4432,3565126113809697,100_91741
467,Bel,McVicker,bmcvickercy@yellowpages.com,Non-binary,WAU4FAFL6AA395964,622-67-6973,3561326201476144,100_59475
468,Wendi,Williamson,wwilliamsoncz@naver.com,Female,19XFB2F55DE880628,166-41-0571,3563063712093922,100_06924
469,Carlee,Lere,clered0@tinypic.com,Bigender,WBA3A5C50EJ519661,270-21-6843,374622074488320,100_53022
470,Caddric,Rowat,crowatd1@typepad.com,Female,3D73Y4CL8AG166451,610-39-3363,3528968404262128,100_42327
471,Stafford,Borer,sborerd2@prweb.com,Bigender,WBA4B3C55FG770860,319-91-2799,5002357568719174,100_75400
472,Uta,Clery,ucleryd3@chronoengine.com,Bigender,2HNYD28288H458833,314-71-8152,3565648556716220,100_71832
473,Sigfrid,Yeudall,syeudalld4@newsvine.com,Genderfluid,WAUBFAFL1AN588961,197-51-7744,5048376287763731,100_64295
474,Margaux,Lucey,mluceyd5@bloglines.com,Female,5J6TF1H33BL423957,636-12-8342,3542911001185765,100_65499
475,Roderigo,Le Marchand,rlemarchandd6@smugmug.com,Female,1GTN1UEH7EZ602566,385-65-8461,3543415913450274,100_45096
476,Morissa,Knowling,mknowlingd7@alexa.com,Bigender,4A31K5DF8CE132924,376-94-9603,3579911712556961,100_30493
477,Archibold,Meadowcraft,ameadowcraftd8@huffingtonpost.com,Genderqueer,SCFFDCCD2CG492834,431-41-6849,56022103620795680,100_88718
478,Noble,Hamlet,nhamletd9@washington.edu,Genderqueer,2G4GT5GRXD9449152,164-16-4348,3531714240539641,100_60494
479,Ara,Richemont,arichemontda@list-manage.com,Genderqueer,JM3ER2W32A0417685,710-17-3338,3587014292109598,100_41422
480,Roarke,Fleay,rfleaydb@tiny.cc,Genderqueer,WA1LYBFE4AD502907,245-78-3020,3542740876390253,100_43904
481,Martin,Leonarde,mleonardedc@google.co.uk,Non-binary,1FMJK1F50AE110342,631-14-7269,372301741486650,100_07935
482,Karole,Bateman,kbatemandd@amazon.com,Male,1N6AD0CU1AC337300,376-60-1992,4508216749896917,100_05553
483,Stephana,Woltman,swoltmande@liveinternet.ru,Genderqueer,WAUKH94F86N586427,274-93-3442,3587073617775368,100_29200
484,Wolf,Hofer,whoferdf@stanford.edu,Non-binary,WAUPL68E64A027080,118-67-6923,6706819182937346321,100_04085
485,Jess,Littlemore,jlittlemoredg@about.com,Polygender,JH4KB16638C675791,562-72-0949,3545654018883777,100_79979
486,Sander,Bingle,sbingledh@cocolog-nifty.com,Genderqueer,1FTEW1C83AF783502,327-68-3541,675997113552890084,100_74310
487,Iolanthe,Clacson,iclacsondi@purevolume.com,Female,5FRYD4H49EB655819,542-89-7755,201710917925761,100_18942
488,Jillana,Sprasen,jsprasendj@xrea.com,Genderqueer,WBANE73546C963270,313-02-6067,560222631243027114,100_36350
489,Devina,Nixon,dnixondk@cnet.com,Genderfluid,WVWED7AJ9CW140608,444-28-7520,502041757598320522,100_89519
490,Barty,Lacroutz,blacroutzdl@free.fr,Agender,JN8AF5MR0ET703620,675-85-9286,5610085570827370,100_11348
491,Kort,Beller,kbellerdm@biblegateway.com,Genderfluid,YV1940AS7D1999982,624-34-3199,3575710347182860,100_30534
492,Celia,Rochester,crochesterdn@ox.ac.uk,Female,WVWBN7AN7FE880302,685-41-5145,3562407352411863,100_42325
493,Deck,Grundy,dgrundydo@spotify.com,Bigender,1GYS3HKJ1FR397690,591-11-9399,201872758206519,100_84675
494,Mildred,Battill,mbattilldp@imageshack.us,Agender,1G6AB5RXXE0197443,534-89-2463,5284558493593621,100_14853
495,Bradley,Quainton,bquaintondq@economist.com,Female,KL4CJESB2FB895231,579-12-3098,3551215020899499,100_63599
496,Heddie,Andreazzi,handreazzidr@google.fr,Genderqueer,3C3CFFHH4DT208341,835-68-9581,3570947997311671,100_20862
497,Osbourn,Wayvill,owayvillds@dagondesign.com,Non-binary,SAJWA0F70F8393599,437-59-7766,3555274628911731,100_65226
498,Currey,Neath,cneathdt@auda.org.au,Male,SAJWA4DB6DL700444,544-32-8157,30456520728690,100_78330
499,Cherlyn,Ever,ceverdu@technorati.com,Male,1GT01ZCG7EF166319,383-82-1326,63045598999574138,100_53942
500,Maxi,Wilks,mwilksdv@t-online.de,Bigender,WBAEJ13483A705731,159-62-4681,3559248728627443,100_13320
